{"Mean":{"confidence_interval":{"confidence_level":0.95,"lower_bound":-0.000011257025614441751,"upper_bound":9.136674409049306e-6},"point_estimate":-6.403136779686847e-7,"standard_error":5.316264685802301e-6},"Median":{"confidence_interval":{"confidence_level":0.95,"lower_bound":-0.000022027699907556375,"upper_bound":0.000017670934444602437},"point_estimate":1.5492499927383108e-7,"standard_error":7.138764577214002e-6}}