{"Mean":{"confidence_interval":{"confidence_level":0.95,"lower_bound":-0.000012916344898972199,"upper_bound":2.2058677713321373e-6},"point_estimate":-4.623924810487345e-6,"standard_error":3.925469956818602e-6},"Median":{"confidence_interval":{"confidence_level":0.95,"lower_bound":-0.00001876987637994265,"upper_bound":4.094262659570802e-6},"point_estimate":-1.2541984216740687e-6,"standard_error":5.282509969769755e-6}}