{"Mean":{"confidence_interval":{"confidence_level":0.95,"lower_bound":-0.0034109843251059146,"upper_bound":0.0012445542554559593},"point_estimate":-0.0008172674986689499,"standard_error":0.0011948986292974902},"Median":{"confidence_interval":{"confidence_level":0.95,"lower_bound":-0.00024482899097322264,"upper_bound":0.0005196923802823772},"point_estimate":0.0001775354918505112,"standard_error":0.00019549363837665607}}