{"Mean":{"confidence_interval":{"confidence_level":0.95,"lower_bound":0.3087580519108366,"upper_bound":0.30934792463531957},"point_estimate":0.3090195172356275,"standard_error":0.00015186112646388978},"Median":{"confidence_interval":{"confidence_level":0.95,"lower_bound":0.308528412807757,"upper_bound":0.30870438467741473},"point_estimate":0.3086271133263764,"standard_error":0.00004003852214281005},"MedianAbsDev":{"confidence_interval":{"confidence_level":0.95,"lower_bound":0.0002850248542312115,"upper_bound":0.0005412593326785347},"point_estimate":0.0004113472820259503,"standard_error":0.0000634891130774925},"Slope":{"confidence_interval":{"confidence_level":0.95,"lower_bound":0.3086081230316955,"upper_bound":0.3095111474845285},"point_estimate":0.3089977883818541,"standard_error":0.0002324841149673876},"StdDev":{"confidence_interval":{"confidence_level":0.95,"lower_bound":0.0007080504381087965,"upper_bound":0.0022473158956286257},"point_estimate":0.001522151840357451,"standard_error":0.00040851198625980724}}