{"Mean":{"confidence_interval":{"confidence_level":0.95,"lower_bound":0.3087381840811416,"upper_bound":0.3100272088959352},"point_estimate":0.3092722754145632,"standard_error":0.00033633204976179424},"Median":{"confidence_interval":{"confidence_level":0.95,"lower_bound":0.3085089276129719,"upper_bound":0.30868408300859834},"point_estimate":0.30857233078585883,"standard_error":0.00004631491291296765},"MedianAbsDev":{"confidence_interval":{"confidence_level":0.95,"lower_bound":0.00024317896430408795,"upper_bound":0.00048557034397156163},"point_estimate":0.0003259673924880139,"standard_error":0.00005819404524507923},"Slope":{"confidence_interval":{"confidence_level":0.95,"lower_bound":0.3085285602926372,"upper_bound":0.3096689766446891},"point_estimate":0.3090062424533011,"standard_error":0.00029592717934496393},"StdDev":{"confidence_interval":{"confidence_level":0.95,"lower_bound":0.0009769533013644243,"upper_bound":0.00538509048530053},"point_estimate":0.003373300640434335,"standard_error":0.001254741887563328}}