{"Mean":{"confidence_interval":{"confidence_level":0.95,"lower_bound":1999973956.45,"upper_bound":2000004286.4199996},"point_estimate":1999992436.9900002,"standard_error":8275.5251926441},"Median":{"confidence_interval":{"confidence_level":0.95,"lower_bound":1999955953.0,"upper_bound":2000007759.2},"point_estimate":2000000318.25,"standard_error":10560.4883432968},"MedianAbsDev":{"confidence_interval":{"confidence_level":0.95,"lower_bound":0.0,"upper_bound":16619.500925015574},"point_estimate":5587.548650801182,"standard_error":4783.874414735645},"Slope":{"confidence_interval":{"confidence_level":0.95,"lower_bound":1999994161.4705882,"upper_bound":2000006551.1375},"point_estimate":2000002830.3272727,"standard_error":3484.284435728145},"StdDev":{"confidence_interval":{"confidence_level":0.95,"lower_bound":2064.2293885975946,"upper_bound":27187.143765676436},"point_estimate":20790.208336218406,"standard_error":8958.063074139962}}