{"Mean":{"confidence_interval":{"confidence_level":0.95,"lower_bound":1999995695.7166665,"upper_bound":2000012284.5166664},"point_estimate":2000002965.4766667,"standard_error":4479.549526779895},"Median":{"confidence_interval":{"confidence_level":0.95,"lower_bound":1999993816.0,"upper_bound":2000021464.0},"point_estimate":2000002516.8,"standard_error":6374.725480779618},"MedianAbsDev":{"confidence_interval":{"confidence_level":0.95,"lower_bound":0.0,"upper_bound":13281.624764086198},"point_estimate":12247.091212499972,"standard_error":5721.325661264879},"Slope":{"confidence_interval":{"confidence_level":0.95,"lower_bound":1999994833.9512196,"upper_bound":2000003589.2830188},"point_estimate":1999999867.581818,"standard_error":2357.170037770324},"StdDev":{"confidence_interval":{"confidence_level":0.95,"lower_bound":3724.6930936030017,"upper_bound":14983.75468361485},"point_estimate":11202.642148666262,"standard_error":3831.860885155119}}