{"Mean":{"confidence_interval":{"confidence_level":0.95,"lower_bound":1999978989.56,"upper_bound":2000003157.28},"point_estimate":1999993717.6133335,"standard_error":6587.699146422531},"Median":{"confidence_interval":{"confidence_level":0.95,"lower_bound":1999964977.0,"upper_bound":2000005884.5},"point_estimate":2000000008.4,"standard_error":8591.256501739274},"MedianAbsDev":{"confidence_interval":{"confidence_level":0.95,"lower_bound":0.0,"upper_bound":15079.277232171487},"point_estimate":6367.371526980123,"standard_error":4180.1799072947815},"Slope":{"confidence_interval":{"confidence_level":0.95,"lower_bound":1999994200.75,"upper_bound":2000004129.682927},"point_estimate":2000000523.2727273,"standard_error":2574.5102422835525},"StdDev":{"confidence_interval":{"confidence_level":0.95,"lower_bound":2140.619032403209,"upper_bound":21467.591037830865},"point_estimate":16479.431895232356,"standard_error":6876.8698237237195}}